{
  "$schema": "https://schema.management.azure.com/schemas/2019-04-01/deploymentTemplate.json#",
  "contentVersion": "1.0.0.0",
  "parameters": {
    "adminUsername": {
      "type": "string",
      "minLength": 1,
      "defaultValue": "Student",
      "metadata": {
        "description": "Username for the Virtual Machine."
      }
    },
    "adminPassword": {
      "type": "securestring",
      "defaultValue": "Pa55w.rd1234",
      "metadata": {
        "description": "Password for the Virtual Machine."
      }
    }
    
  },

  "variables": {
    "imagePublisher": "MicrosoftVisualStudio",
    "imageOffer": "VisualStudio2019latest",
    "imageSku": "vs-2019-comm-latest-ws2019",
    "OSDiskName": "jumpvmosdisk",
    "nicName": "az500-10-nic1",
    "addressPrefix": "10.110.0.0/16",
    "subnetName": "subnet0",
    "subnetPrefix": "10.110.0.0/24",
    "vhdStorageType": "Premium_LRS",
    "publicIPAddressName": "az500-10-pip1",
    "publicIPAddressType": "static",
    "vhdStorageContainerName": "vhds",
    "vmName": "az500-10-vm1",
    "vmSize": "Standard_DS2_V2",
    "virtualNetworkName": "az500-10-vnet1",
    "vnetId": "[resourceId('Microsoft.Network/virtualNetworks', variables('virtualNetworkName'))]",
    "networkSecurityGroupName": "az500-10-nsg1",
    "subnetRef": "[concat(variables('vnetId'), '/subnets/', variables('subnetName'))]",
    "vhdStorageAccountName": "[concat('vhdstorage', uniqueString(resourceGroup().id))]",
    "sqlServerName": "[concat('sqlserver', uniqueString(subscription().id, resourceGroup().id))]",
    "databaseName": "medical",
    "databaseEdition": "Basic",
    "databaseCollation": "SQL_Latin1_General_CP1_CI_AS",
    "databaseServiceObjectiveName": "Basic"    
  },

  "resources": [
    {
      "type": "Microsoft.Storage/storageAccounts",
      "name": "[variables('vhdStorageAccountName')]",
      "apiVersion": "2016-01-01",
      "location": "[resourceGroup().location]",
      "tags": {
        "displayName": "StorageAccount"
      },
      "sku": {
        "name": "[variables('vhdStorageType')]"
      },
      "kind": "Storage"
    },
    {
      "apiVersion": "2016-03-30",
      "type": "Microsoft.Network/publicIPAddresses",
      "name": "[variables('publicIPAddressName')]",
      "location": "[resourceGroup().location]",
      "tags": {
        "displayName": "PublicIPAddress"
      },
      "properties": {
        "publicIPAllocationMethod": "[variables('publicIPAddressType')]"
      }
    },
    {
      "apiVersion": "2016-03-30",
      "type": "Microsoft.Network/virtualNetworks",
      "name": "[variables('virtualNetworkName')]",
      "location": "[resourceGroup().location]",
      "tags": {
        "displayName": "VirtualNetwork"
      },
      "properties": {
        "addressSpace": {
          "addressPrefixes": [
            "[variables('addressPrefix')]"
          ]
        },
        "subnets": [
          {
            "name": "[variables('subnetName')]",
            "properties": {
              "addressPrefix": "[variables('subnetPrefix')]"
            }
          }
        ]
      }
    },
    {
      "apiVersion": "2016-03-30",
      "type": "Microsoft.Network/networkInterfaces",
      "name": "[variables('nicName')]",
      "location": "[resourceGroup().location]",
      "tags": {
        "displayName": "NetworkInterface"
      },
      "dependsOn": [
        "[resourceId('Microsoft.Network/publicIPAddresses/', variables('publicIPAddressName'))]",
        "[resourceId('Microsoft.Network/virtualNetworks/', variables('virtualNetworkName'))]"
      ],
      "properties": {
        "ipConfigurations": [
          {
            "name": "ipconfig1",
            "properties": {
              "privateIPAllocationMethod": "Dynamic",
              "publicIPAddress": {
                "id": "[resourceId('Microsoft.Network/publicIPAddresses', variables('publicIPAddressName'))]"
              },
              "subnet": {
                "id": "[variables('subnetRef')]"
              }
            }
          }
        ],
                "networkSecurityGroup": {
                    "id": "[resourceId('Microsoft.Network/networkSecurityGroups', variables('networkSecurityGroupName'))]"
                }
      }
    },
    {
      "apiVersion": "2015-06-15",
      "type": "Microsoft.Compute/virtualMachines",
      "name": "[variables('vmName')]",
      "location": "[resourceGroup().location]",
      "tags": {
        "displayName": "JumpVM"
      },
      "dependsOn": [
        "[resourceId('Microsoft.Storage/storageAccounts/', variables('vhdStorageAccountName'))]",
        "[resourceId('Microsoft.Network/networkInterfaces/', variables('nicName'))]"
      ],
      "properties": {
        "hardwareProfile": {
          "vmSize": "[variables('vmSize')]"
        },
        "osProfile": {
          "computerName": "[variables('vmName')]",
          "adminUsername": "[parameters('adminUsername')]",
          "adminPassword": "[parameters('adminPassword')]"
        },
        "storageProfile": {
          "imageReference": {
            "publisher": "[variables('imagePublisher')]",
            "offer": "[variables('imageOffer')]",
            "sku": "[variables('imageSku')]",
            "version": "latest"
          },
          "osDisk": {
            "name": "osdisk",
            "vhd": {
              "uri": "[concat(reference(resourceId('Microsoft.Storage/storageAccounts', variables('vhdStorageAccountName')), '2016-01-01').primaryEndpoints.blob, variables('vhdStorageContainerName'), '/', variables('OSDiskName'), '.vhd')]"
            },
            "caching": "ReadWrite",
            "createOption": "FromImage"
          }
        },
        "networkProfile": {
          "networkInterfaces": [
            {
              "id": "[resourceId('Microsoft.Network/networkInterfaces', variables('nicName'))]"
            }
          ]
        },
        "diagnosticsProfile": {
          "bootDiagnostics": {
            "enabled": false
          }
        }
      },
      "resources": [
        {
          "apiVersion": "2018-06-01",
          "type": "Microsoft.Compute/virtualMachines/extensions",
          "name": "[concat(variables('vmName'),'/', 'VMConfig')]",
          "location": "[resourceGroup().location]",
          "dependsOn": [
              "[concat('Microsoft.Compute/virtualMachines/',variables('vmName'))]"
          ],
          "properties": {
              "publisher": "Microsoft.Compute",
              "type": "CustomScriptExtension",
              "typeHandlerVersion": "1.7",
              "autoUpgradeMinorVersion":true,
              "settings": {
                  "fileUris": [
                     "https://raw.githubusercontent.com/pdtit/ARMtemplates/master/AZ-500-Lab10VM/configurevm.ps1"
                  ],
                  "commandToExecute": "powershell.exe -ExecutionPolicy Unrestricted -File configurevm.ps1"
              }
          }
      }
      ]
    },
    {
            "name": "[variables('networkSecurityGroupName')]",
            "type": "Microsoft.Network/networkSecurityGroups",
            "apiVersion": "2018-08-01",
            "location": "[resourceGroup().location]",
            "comments": "Network Security Group (NSG) for Primary NIC",
            "properties": {
                "securityRules": [
                    {
                        "name": "default-allow-rdp",
                        "properties": {
                            "priority": 1000,
                            "sourceAddressPrefix": "*",
                            "protocol": "Tcp",
                            "destinationPortRange": "3389",
                            "access": "Allow",
                            "direction": "Inbound",
                            "sourcePortRange": "*",
                            "destinationAddressPrefix": "*"
                        }
                    }
                ]
            }
        },

        {
      "name": "[variables('sqlServerName')]",
      "type": "Microsoft.Sql/servers",
      "apiVersion": "2019-06-01-preview",
      "location": "[resourceGroup().location]",
      "tags": {
        "displayName": "SqlServer"
      },
      "properties": {
        "administratorLogin": "[parameters('AdminUsername')]",
        "administratorLoginPassword": "[parameters('AdminPassword')]",
        "version": "12.0"
      },
      "resources": [
        {
          "name": "[variables('databaseName')]",
          "type": "databases",
          "apiVersion": "2019-06-01-preview",
          "location": "[resourceGroup().location]",
          "tags": {
            "displayName": "Database"
          },
          "sku": {
            "name": "[variables('databaseEdition')]",
            "tier": "[variables('databaseEdition')]"
          },
          "properties": {
          },
          "dependsOn": [
            "[variables('sqlServerName')]"
          ]
        
        },
        {
          "name": "AllowAllMicrosoftAzureIps",
          "type": "firewallrules",
          "apiVersion": "2015-05-01-preview",
          "location": "[resourceGroup().location]",
          "properties": {
            "endIpAddress": "0.0.0.0",
            "startIpAddress": "0.0.0.0"
          },
          "dependsOn": [
            "[variables('sqlServerName')]"
          ]
        }
        
      ]
      
    }





  ],
  "outputs": {}
}

